"as.factor(run)","sum","average"
"10,70,80,90,100",59598.1473988142,1986.60491329381
"1,10,20,30,40",19126.0232560028,637.534108533427
"20 all",16095.3661252116,536.51220417372
