"as.factor(run)","sum","average"
"1",6733.72829110839,217.217041648658
"10",6264.39148748243,202.077144757498
"20",6194.07128017233,199.808750973301
"30",6170.46351784731,199.047210253139
"40",6158.62704801455,198.665388645631
"50",6151.51460990919,198.435955158361
"60",6146.76855592133,198.282856642623
"70",6143.37633865347,198.173430279144
"80",6140.83098052122,198.091321952298
"90",6138.85054764136,198.027437020689
"100",6137.26575331006,197.976314622905
