"as.factor(run)","sum","average"
"20 all",6304.0991470233,203.358037000752
"10,70,80,90,100",5195.88785113231,167.609285520397
"1,10,20,30,40",4104.96685871496,132.418285764999
