"basket","."
"av_pft_basket.5",10.8440783500624
"NPV_basket.5",325.322350501873
"av_biomass.15",247.531048081634
