"basket","."
"av_pft_basket.10",11.288536964291
"NPV_basket.10",338.656108928729
"av_biomass.3",208.641048295302
