"basket","."
"av_pft_basket.1",10.5094538800806
"NPV_basket.1",315.283616402419
"av_biomass.8",214.169027270244
