"basket","."
"av_pft_basket.4",10.6652093112498
"NPV_basket.4",319.956279337493
"av_biomass.2",220.48348899342
