"basket","."
"av_pft_basket.1",10.4184762662792
"NPV_basket.1",312.554287988376
"av_biomass.4",216.04343815957
