"basket","."
"av_pft_basket.8",10.0681170151793
"NPV_basket.8",302.043510455378
"av_biomass.3",204.906687909657
