"basket","."
"av_pft_basket.1",10.4868351416069
"NPV_basket.1",314.605054248206
"av_biomass.3",202.35036750749
