"basket","."
"av_pft_basket.1",11.0378177835539
"NPV_basket.1",331.134533506616
"av_biomass.14",310.736936454154
