"basket","."
"av_pft_basket.15",8.09600556461965
"NPV_basket.15",242.880166938589
"av_biomass.11",270.550181086442
