"basket","."
"av_pft_basket.14",9.99728809269473
"NPV_basket.14",299.918642780842
"av_biomass.3",203.586325695321
