"basket","."
"av_pft_basket.13",10.4744140308929
"NPV_basket.13",314.232420926786
"av_biomass.11",259.506060472529
