"basket","."
"av_pft_basket.3",11.0172954394839
"NPV_basket.3",330.518863184516
"av_biomass.4",250.369141200457
