"basket","."
"av_pft_basket.5",12.325517878211
"NPV_basket.5",369.765536346329
"av_biomass.4",256.235728115278
