"basket","."
"av_pft_basket.3",10.7882726081906
"NPV_basket.3",323.648178245717
"av_biomass.4",251.913819910042
