"basket","."
"av_pft_basket.2",10.4822666897163
"NPV_basket.2",314.468000691489
"av_biomass.9",242.09579768049
