"basket","."
"av_pft_basket.12",8.66824024694438
"NPV_basket.12",260.047207408331
"av_biomass.1",263.885267072139
