"basket","."
"av_pft_basket.5",11.7612153084814
"NPV_basket.5",352.836459254441
"av_biomass.4",258.508288110896
