"basket","."
"av_pft_basket.10",10.6739142919152
"NPV_basket.10",320.217428757456
"av_biomass.12",262.611636890321
