"basket","."
"av_pft_basket.14",10.7060089698017
"NPV_basket.14",321.18026909405
"av_biomass.11",260.528940946234
