"basket","."
"av_pft_basket.15",10.6496035634086
"NPV_basket.15",319.488106902258
"av_biomass.7",217.068261545529
