"basket","."
"av_pft_basket.14",9.86500940704481
"NPV_basket.14",295.950282211344
"av_biomass.12",263.201227734228
