"basket","."
"av_pft_basket.13",10.075201501389
"NPV_basket.13",302.25604504167
"av_biomass.1",263.488675905749
