"basket","."
"av_pft_basket.5",10.613196239194
"NPV_basket.5",318.395887175819
"av_biomass.11",259.306341721024
