"basket","."
"av_pft_basket.3",10.186357942893
"NPV_basket.3",305.59073828679
"av_biomass.2",235.954072049146
