"basket","."
"av_pft_basket.3",11.0964550773478
"NPV_basket.3",332.893652320434
"av_biomass.12",251.719232745575
