"basket","."
"av_pft_basket.3",11.1624120478276
"NPV_basket.3",334.872361434829
"av_biomass.12",255.579120690473
