"basket","."
"av_pft_basket.9",10.6131962391939
"NPV_basket.9",318.395887175817
"av_biomass.7",259.306341721059
