"basket","."
"av_pft_basket.15",10.5701325682011
"NPV_basket.15",317.103977046033
"av_biomass.14",228.850559086062
