"basket","."
"av_pft_basket.14",8.97572722047338
"NPV_basket.14",269.271816614201
"av_biomass.1",253.618715933394
