"basket","."
"av_pft_basket.8",10.193386831089
"NPV_basket.8",305.801604932671
"av_biomass.5",241.15412321308
