"basket","."
"av_pft_basket.4",10.0932207307069
"NPV_basket.4",302.796621921207
"av_biomass.9",242.466921582284
