"basket","."
"av_pft_basket.13",10.0752015014967
"NPV_basket.13",302.256045044901
"av_biomass.1",263.488675905666
