"basket","."
"av_pft_basket.8",10.5534975498405
"NPV_basket.8",316.604926495216
"av_biomass.11",218.786599284997
