"basket","."
"av_pft_basket.9",11.8254449663281
"NPV_basket.9",354.763348989842
"av_biomass.8",256.928726285477
