"basket","."
"av_pft_basket.8",10.093220730707
"NPV_basket.8",302.796621921209
"av_biomass.5",242.466921582283
