"basket","."
"av_pft_basket.9",10.099689499397
"NPV_basket.9",302.99068498191
"av_biomass.11",260.761031614943
