"basket","."
"av_pft_basket.7",11.3638599590548
"NPV_basket.7",340.915798771643
"av_biomass.14",242.43246287704
