"basket","."
"av_pft_basket.13",11.6657211011546
"NPV_basket.13",349.971633034638
"av_biomass.12",262.294260385282
