"basket","."
"av_pft_basket.3",11.0172954394836
"NPV_basket.3",330.518863184509
"av_biomass.8",250.369141200469
