"basket","."
"av_pft_basket.5",11.8297127593353
"NPV_basket.5",354.89138278006
"av_biomass.8",253.114386275729
