"basket","."
"av_pft_basket.9",10.7151814141803
"NPV_basket.9",321.455442425409
"av_biomass.12",256.871500109275
