"basket","."
"av_pft_basket.13",10.4018267366298
"NPV_basket.13",312.054802098894
"av_biomass.1",265.152803049338
