"basket","."
"av_pft_basket.5",11.8254449674194
"NPV_basket.5",354.763349022581
"av_biomass.4",256.928726285471
