"basket","."
"av_pft_basket.4",10.1933868310889
"NPV_basket.4",305.801604932667
"av_biomass.9",241.15412321308
