"basket","."
"av_pft_basket.14",8.97572722047345
"NPV_basket.14",269.271816614203
"av_biomass.1",253.618715933441
