"basket","."
"av_pft_basket.3",10.1982869947271
"NPV_basket.3",305.948609841812
"av_biomass.2",241.744184702623
