"basket","."
"av_pft_basket.3",11.0964550773423
"NPV_basket.3",332.893652320269
"av_biomass.12",251.719232745486
