"basket","."
"av_pft_basket.7",11.1859909378918
"NPV_basket.7",335.579728136754
"av_biomass.14",242.512600866857
