"basket","."
"av_pft_basket.11",11.3638599590548
"NPV_basket.11",340.915798771643
"av_biomass.14",242.432462877041
