"basket","."
"av_pft_basket.13",10.4744140308236
"NPV_basket.13",314.232420924708
"av_biomass.7",259.506060472529
