"basket","."
"av_pft_basket.14",10.7060089697743
"NPV_basket.14",321.180269093228
"av_biomass.7",260.528940946234
