"basket","."
"av_pft_basket.3",9.94633187420549
"NPV_basket.3",298.389956226165
"av_biomass.2",243.040929522185
