"basket","."
"av_pft_basket.2",10.482266689739
"NPV_basket.2",314.46800069217
"av_biomass.5",242.095797673089
