"basket","."
"av_pft_basket.13",11.6657211011547
"NPV_basket.13",349.97163303464
"av_biomass.12",262.294260385282
