"basket","."
"av_pft_basket.3",10.1863579428931
"NPV_basket.3",305.590738286792
"av_biomass.2",235.954072049129
