"basket","."
"av_pft_basket.3",10.7882726081905
"NPV_basket.3",323.648178245714
"av_biomass.8",251.913819904993
