"basket","."
"av_pft_basket.9",12.3255178311488
"NPV_basket.9",369.765534934465
"av_biomass.8",256.235728115275
