"basket","."
"av_pft_basket.6",10.6739142920074
"NPV_basket.6",320.217428760222
"av_biomass.12",262.611636890321
