"basket","."
"av_pft_basket.14",9.86500940704476
"NPV_basket.14",295.950282211343
"av_biomass.12",263.201227734227
