"basket","."
"av_pft_basket.15",10.5701325682012
"NPV_basket.15",317.103977046037
"av_biomass.14",228.850559086059
