"basket","."
"av_pft_basket.9",11.8297127593353
"NPV_basket.9",354.891382780059
"av_biomass.4",253.114386275728
