"basket","."
"av_pft_basket.4",10.5534975498409
"NPV_basket.4",316.604926495227
"av_biomass.7",218.786599281164
