"basket","."
"av_pft_basket.11",11.1859909378917
"NPV_basket.11",335.579728136751
"av_biomass.14",242.512600866854
