"basket","."
"av_pft_basket.9",11.7612153085311
"NPV_basket.9",352.836459255934
"av_biomass.8",258.508288110661
