"basket","."
"av_pft_basket.3",10.4019072849157
"NPV_basket.3",312.057218547471
"av_biomass.2",244.479071093121
