"basket","."
"av_pft_basket.3",9.94633187420568
"NPV_basket.3",298.389956226171
"av_biomass.2",243.0409295222
