"basket","."
"av_pft_basket.3",10.401907284919
"NPV_basket.3",312.05721854757
"av_biomass.2",244.47907109312
