"basket","."
"av_pft_basket.3",11.0989724593451
"NPV_basket.3",332.969173780353
"av_biomass.11",257.346445512794
