"basket","."
"av_pft_basket.15",10.6496035633685
"NPV_basket.15",319.488106901055
"av_biomass.11",217.068261545528
