"basket","."
"av_pft_basket.5",10.7151814141804
"NPV_basket.5",321.455442425412
"av_biomass.11",256.091640159278
