"basket","."
"av_pft_basket.6",11.2885369642904
"NPV_basket.6",338.656108928713
"av_biomass.3",208.641048295307
