"basket","."
"av_pft_basket.1",3.78436749869048
"NPV_basket.1",113.531024960714
"av_biomass.10",201.270121674243
