"basket","."
"av_pft_basket.15",3.78436749869548
"NPV_basket.15",113.531024960865
"av_biomass.12",201.270121674087
