"basket","."
"av_pft_basket.11",3.78436749868774
"NPV_basket.11",113.531024960632
"av_biomass.12",201.270121671842
