"basket","."
"av_pft_basket.13",3.78436749868826
"NPV_basket.13",113.531024960648
"av_biomass.11",201.270121676016
