"basket","."
"av_pft_basket.11",3.78436749869849
"NPV_basket.11",113.531024960955
"av_biomass.10",201.270121678711
