"basket","."
"av_pft_basket.3",3.7843674986974
"NPV_basket.3",113.531024960922
"av_biomass.10",201.270121679952
