"basket","."
"av_pft_basket.11",3.78436749867639
"NPV_basket.11",113.531024960292
"av_biomass.1",201.270121673918
