"basket","."
"av_pft_basket.4",11.3549571567208
"NPV_basket.4",340.648714701625
"av_biomass.2",211.985986168041
