"basket","."
"av_pft_basket.14",9.98771842335942
"NPV_basket.14",299.631552700783
"av_biomass.11",202.993301605716
