"basket","."
"av_pft_basket.4",10.6773083017855
"NPV_basket.4",320.319249053565
"av_biomass.5",244.283811724291
