"basket","."
"av_pft_basket.12",9.33593229391243
"NPV_basket.12",280.077968817373
"av_biomass.2",262.307652489623
