"basket","."
"av_pft_basket.2",10.6493986997692
"NPV_basket.2",319.481960993075
"av_biomass.4",219.757333039826
