"basket","."
"av_pft_basket.2",9.86286210725598
"NPV_basket.2",295.885863217679
"av_biomass.14",232.445247453899
