"basket","."
"av_pft_basket.2",10.6493986997692
"NPV_basket.2",319.481960993077
"av_biomass.8",219.757333039403
