"basket","."
"av_pft_basket.3",11.7965996458017
"NPV_basket.3",353.897989374051
"av_biomass.15",246.161977660354
