"basket","."
"av_pft_basket.14",11.4836558774883
"NPV_basket.14",344.50967632465
"av_biomass.12",208.368335389717
