"basket","."
"av_pft_basket.3",10.1982869947266
"NPV_basket.3",305.948609841799
"av_biomass.2",241.74418470263
