"basket","."
"av_pft_basket.1",10.4184762662797
"NPV_basket.1",312.554287988391
"av_biomass.8",216.043438159567
