"basket","."
"av_pft_basket.5",9.34245262441169
"NPV_basket.5",280.273578732351
"av_biomass.15",250.17814885166
