"as.factor(run)","sum","average"
"Ex: Single High Price",9512.57798320305,306.857354296873
"Ex: Extreme Low and High Prices",9029.87428246205,291.286267176195
"Ex: Low and High Prices",6661.47898600806,214.886418903486
"Ex: Ranging Prices",6390.76290870799,206.153642216387
"Ex: Uniform Prices",6194.07128017233,199.808750973301
