"basket","."
"av_pft_basket.12",3.79174785770333
"NPV_basket.12",113.7524357311
"av_biomass.1",200.873535739521
