"basket","."
"av_pft_basket.3",3.78436749869733
"NPV_basket.3",113.53102496092
"av_biomass.13",201.270121672424
