"basket","."
"av_pft_basket.10",3.7843674986859
"NPV_basket.10",113.531024960577
"av_biomass.3",201.270121675117
