"basket","."
"av_pft_basket.11",3.78436749868347
"NPV_basket.11",113.531024960504
"av_biomass.3",201.270121669589
