"basket","."
"av_pft_basket.3",3.78743958392877
"NPV_basket.3",113.623187517863
"av_biomass.11",201.104981875642
