"basket","."
"av_pft_basket.3",3.78743958392802
"NPV_basket.3",113.62318751784
"av_biomass.4",201.104981870058
