"basket","."
"av_pft_basket.3",3.78743958391876
"NPV_basket.3",113.623187517563
"av_biomass.13",201.104981875219
