"basket","."
"av_pft_basket.15",3.78743958391592
"NPV_basket.15",113.623187517478
"av_biomass.1",201.104981871028
