"basket","."
"av_pft_basket.15",3.78743958389608
"NPV_basket.15",113.623187516882
"av_biomass.12",201.10498187987
