"basket","."
"av_pft_basket.3",3.78743958388979
"NPV_basket.3",113.623187516694
"av_biomass.4",201.104981875897
