"basket","."
"av_pft_basket.1",3.78743958390135
"NPV_basket.1",113.62318751704
"av_biomass.3",201.104981874299
