"basket","."
"av_pft_basket.15",3.78743958391757
"NPV_basket.15",113.623187517527
"av_biomass.11",201.104981874411
