"basket","."
"av_pft_basket.4",3.78743958390353
"NPV_basket.4",113.623187517106
"av_biomass.12",201.104981872703
