"basket","."
"av_pft_basket.15",3.7874395839013
"NPV_basket.15",113.623187517039
"av_biomass.4",201.104981874833
