"basket","."
"av_pft_basket.2",9.70256527740957
"NPV_basket.2",291.076958322287
"av_biomass.13",329.700718600698
