"basket","."
"av_pft_basket.8",8.54610742262434
"NPV_basket.8",256.38322267873
"av_biomass.7",296.963303229932
