"basket","."
"av_pft_basket.4",8.54610742262434
"NPV_basket.4",256.38322267873
"av_biomass.11",296.963303229932
