run,profits
Scenario 1,13187.028923665695
Scenario 2,13191.498000932272
Scenario 3,13189.83036381887
